,Staat oder Gebiet,Langform des Staatsnamens,Hauptstadt,Einwohner2022,Flächein km²,Einw.pro km²,Flagge,ISO-3-Code,ISO-2-Code,TLD,Englischer Name,Eigenname
0,Abchasien[7],Republik Abchasien[8],Sochumi,240.000,8.600,"27,9",Abchasien,,,,Abkhazia,Aṗsny (Abchasisch)Abchasija (Russisch)
1,Afghanistan,Islamische Republik Afghanistan (de jure)Islamisches Emirat Afghanistan (de facto),Kabul,41.100.000,652.230,63,Afghanistan 2002Afghanistan Islamisches Emirat 1997,AFG,AF,.af,Afghanistan,Afghānestān
2,Ägypten,Arabische Republik Ägypten,Kairo,103.500.000,1.001.450,103,Agypten,EGY,EG,.eg,Egypt,Misr
3,Albanien,Republik Albanien,Tirana,2.800.000,28.748,"97,4",Albanien,ALB,AL,.al,Albania,Shqipëria
4,Algerien,Demokratische Volksrepublik Algerien,Algier,44.900.000,2.381.741,"18,9",Algerien,DZA,DZ,.dz,Algeria,al-Dschazā'ir
5,Andorra,Fürstentum Andorra,Andorra la Vella,80.000,468,171,Andorra,AND,AD,.ad,Andorra,Andorra
6,Angola,Republik Angola,Luanda,35.600.000,1.246.700,"28,6",Angola,AGO,AO,.ao,Angola,Angola
7,Äquatorialguinea,Republik Äquatorial­guinea,Malabo (de jure)Ciudad de la Paz (de facto)[9],1.700.000,28.051,"60,6",Äquatorialguinea,GNQ,GQ,.gq,Equatorial Guinea,Guinea Ecuatorial
8,Argentinien,Argentinische Republik,Buenos Aires,46.200.000,2.780.400,"16,6",Argentinien,ARG,AR,.ar,Argentina,Argentina
9,Armenien,Republik Armenien,Jerewan,3.000.000,29.743,101,Armenien,ARM,AM,.am,Armenia,Hayastan
10,Arzach[10],Republik Arzach[8],Stepanakert,135.000,11.500,"11,7",Arzach,,,,Republic of Artsakh,Arzachi Hanrapetutjun
11,Aserbaidschanmit Arzach,Republik Aserbaidschan,Baku,10.200.000,86.600,118,Aserbaidschan,AZE,AZ,.az,Azerbaijan,Azǝrbaycan
12,Äthiopien,Demokratische Bundesrepublik Äthiopien,Addis Abeba,123.400.000,1.104.300,112,Athiopien,ETH,ET,.et,Ethiopia,Ityop'iya
13,Bahamas,Commonwealth der Bahamas,Nassau,400.000,13.880,"28,8",Bahamas,BHS,BS,.bs,Bahamas,Bahamas
14,Bahrain,Königreich Bahrain,Manama,1.500.000,760,1970,Bahrain,BHR,BH,.bh,Bahrain,al-Bahrayn
15,Bangladesch,Volksrepublik Bangladesch,Dhaka,171.200.000,143.998,1190,Bangladesch,BGD,BD,.bd,Bangladesh,Bāṃlādeś
16,Belarus,Republik Belarus,Minsk,9.200.000,207.600,"44,3",Belarus,BLR,BY,.by,Belarus,Belarus
17,Belgien,Königreich Belgien,Brüssel,11.600.000,30.528,380,Belgien,BEL,BE,.be,Belgium,België (niederländisch)Belgique (französisch)Belgien (deutsch)
18,Benin,Republik Benin,Porto-Novo,13.400.000,112.622,119,Benin,BEN,BJ,.bj,Benin,Bénin
19,Bhutan,Königreich Bhutan,Thimphu,800.000,38.394,"20,8",Bhutan,BTN,BT,.bt,Bhutan,Bhutan
20,Bolivien,Plurinationaler Staat Bolivien,Sucre (de jure)La Paz (de facto)[9],12.200.000,1.098.581,"11,1",Bolivien,BOL,BO,.bo,Bolivia,Bolivia
21,Botswana,Republik Botsuana,Gaborone,2.600.000,581.730,"4,47",Botswana,BWA,BW,.bw,Botswana,Botswana
22,Brasilien,Föderative Republik Brasilien,Brasília,214.800.000,8.514.877,"25,2",Brasilien,BRA,BR,.br,Brazil,Brasil
23,Brunei,Brunei Darussalam,Bandar Seri Begawan,400.000,5.765,"69,4",Brunei,BRN,BN,.bn,Brunei Darussalam,Negara Brunei Darussalam
24,Bulgarien,Republik Bulgarien,Sofia,6.800.000,110.879,"61,3",Bulgarien,BGR,BG,.bg,Bulgaria,Bălgarija
25,Burundi,Republik Burundi,Gitega,12.900.000,27.830,464,Burundi,BDI,BI,.bi,Burundi,Burundi
26,Chile,Republik Chile,Santiago de Chile,19.800.000,756.102,"26,2",Chile,CHL,CL,.cl,Chile,Chile
27,"China, Republik[7][11]","Republik China (Taiwan) (D, A)Taiwan (Chinesisch Taipei) (CH)[8]",Taipeh,23.200.000,35.980,645,Taiwan,TWN,TW,.tw,Taiwan oder Republic of China,中華民國 Zhonghua Minguo
28,"China, Volksrepublikmit Hongkong (HK) und Macau (MO), ohne Republik China (TW) und Kaschmir[12]",Volksrepublik China,Peking,1.436.600.000Kernland* 7.400.000 HK * 700.000 MO,"9.596.961 ges.* 1.104 HK* 28,2 MO","150
 ges.* 
6700
 HK* 
21.300
 MO",China VolksrepublikHongkongMacau,CHN,CN,.cn,China,中华人民共和国 Zhonghua Renmin Gongheguo
29,Costa Rica,Republik Costa Rica,San José,5.200.000,51.100,102,Costa Rica,CRI,CR,.cr,Costa Rica,Costa Rica
30,Dänemarkmit Färöer (FO) und Grönland (GL),Königreich Dänemark,Kopenhagen,5.873.420Kernland* 54.227 FO* 56.562 GL,43.094 Kernland* 1.393 FO* 2.166.086 GL* 2.210.573 ges.,"128,0 Kernland* 35,2 FO* 0,03 GL* 2,5 ges.",DanemarkFaroerGronland,DNK,DK,.dk,Denmark,Danmark
31,Deutschland,Bundesrepublik Deutschland,Berlin,83.300.000,357.022,233,Deutschland,DEU,DE,.de,Germany,Deutschland
32,Dominica,Commonwealth Dominica,Roseau,70.000,751,"93,2",Dominica,DMA,DM,.dm,Dominica,Dominica
33,Dschibuti,Republik Dschibuti,Dschibuti,1.100.000,23.200,"47,4",Dschibuti,DJI,DJ,.dj,Djibouti,Djibouti
34,Ecuador,Republik Ecuador,Quito,18.000.000,283.561,"63,5",Ecuador,ECU,EC,.ec,Ecuador,Ecuador
35,El Salvador,Republik El Salvador,San Salvador,6.300.000,21.041,299,El Salvador,SLV,SV,.sv,El Salvador,El Salvador
36,Elfenbeinküste,Republik Côte d’Ivoire,Yamoussoukro (de jure)Abidjan (de facto)[9],28.200.000,322.463,"87,5",Elfenbeinküste,CIV,CI,.ci,Ivory Coast,Côte d’Ivoire
37,Eritrea,Staat Eritrea,Asmara,3.700.000,117.600,"31,5",Eritrea,ERI,ER,.er,Eritrea,Ertra
38,Estland,Republik Estland,Tallinn(Reval),1.300.000,45.228,"28,7",Estland,EST,EE,.ee,Estonia,Eesti
39,Eswatini,Königreich Eswatini,Mbabane,1.200.000,17.364,"69,1",Eswatini,SWZ,SZ,.sz,Eswatini,Eswatini (engl.)eSwatini (siSwati)
40,Fidschi,Republik Fidschi,Suva,900.000,18.274,"49,3",Fidschi,FJI,FJ,.fj,Fiji,Fiji
41,Finnland,Republik Finnland,Helsinki,5.600.000,338.145,"16,6",Finnland,FIN,FI (SF),.fi,Finland,Suomi (finnisch)Finland (schwedisch)
42,Frankreichohne Überseegebiete,Französische Republik,Paris,65.800.000,551.500,119,Frankreich,FRA,FR,.fr,France,France
43,Gabun,Gabunische Republik,Libreville,2.400.000,267.667,"8,97",Gabun,GAB,GA,.ga,Gabon,Gabon
44,Gambia,Republik Gambia,Banjul,2.700.000,11.295,239,Gambia,GMB,GM,.gm,"Gambia, the","Gambia, the"
45,Georgienmit Abchasien und Südossetien,Georgien,Tiflis,3.700.000,69.700,"53,1",Georgien,GEO,GE,.ge,Georgia,Sak’art'velo
46,Ghana,Republik Ghana,Accra,33.500.000,238.533,140,Ghana,GHA,GH,.gh,Ghana,Ghana
47,Griechenland,Hellenische Republik,Athen,10.600.000,131.957,"80,3",Griechenland,GRC,GR,.gr,Greece,"Elláda, Ellás"
48,Guatemala,Republik Guatemala,Guatemala-Stadt,17.800.000,108.889,163,Guatemala,GTM,GT,.gt,Guatemala,Guatemala
49,Guinea,Republik Guinea,Conakry,13.900.000,245.857,"56,5",Guinea-a,GIN,GN,.gn,Guinea,Guinée
50,Guinea-Bissau,Republik Guinea-Bissau,Bissau,2.100.000,36.125,"58,1",Guinea-Bissau,GNB,GW,.gw,Guinea-Bissau,Guiné-Bissau
51,Guyana,Kooperative Republik Guyana,Georgetown,800.000,214.969,"3,72",Guyana,GUY,GY,.gy,Guyana,Guyana
52,Haiti,Republik Haiti,Port-au-Prince,11.600.000,27.750,418,Haiti,HTI,HT,.ht,Haiti,Haïti
53,Honduras,Republik Honduras,Tegucigalpa,9.600.000,112.090,"85,6",Honduras,HND,HN,.hn,Honduras,Honduras
54,Indienmit Kaschmir[12],Republik Indien,Neu-Delhi,1.417.200.000,3.287.263,431,Indien,IND,IN,.in,India,India (englisch)Bharat (Hindi)
55,Indonesien,Republik Indonesien,Jakarta,275.500.000,1.904.569,145,Indonesien,IDN,ID,.id,Indonesia,Indonesia
56,Irak,Republik Irak,Bagdad,44.500.000,438.317,102,Irak,IRQ,IQ,.iq,Iraq,al-ʿIrāq
57,Iran,Islamische Republik Iran,Teheran,88.600.000,1.648.195,"53,8",Iran,IRN,IR,.ir,Iran,Īrān
58,Island,"Island (D, A)Republik Island (CH)",Reykjavík,400.000,103.000,"3,88",Island,ISL,IS,.is,Iceland,Ísland
59,"Israelmit Golanhöhen und Ostjerusalem,ohne Gazastreifen und Westjordanland[12]",Staat Israel,Jerusalem (de facto)[9],9.500.000,22.380,424,Israel,ISR,IL,.il,Israel,Yisra’el
60,Italien,Italienische Republik,Rom,58.900.000,301.340,195,Italien,ITA,IT,.it,Italy,Italia
61,Jemen,Republik Jemen,Sanaa (de jure)Aden (de facto)[9],33.700.000,527.968,"63,8",Jemen,YEM,YE,.ye,Yemen,al-Yaman
62,Jordanien,Haschemitisches Königreich Jordanien,Amman,11.200.000,89.342,125,Jordanien,JOR,JO,.jo,Jordan,الأُرْدُنّ
63,Kambodscha,Königreich Kambodscha,Phnom Penh,16.800.000,181.035,"92,8",Kambodscha,KHM,KH,.kh,Cambodia,Kampuchea
64,Kamerun,Republik Kamerun,Yaoundé,27.900.000,475.440,"58,7",Kamerun,CMR,CM,.cm,Cameroon,Cameroun (französisch)Cameroon (englisch)
65,Kap Verde,Republik Cabo Verde,Praia,600.000,4.033,149,Kap Verde,CPV,CV,.cv,Cape Verde,Cabo Verde
66,Kasachstan,Republik Kasachstan,Astana,19.200.000,2.724.900,"7,05",Kasachstan,KAZ,KZ,.kz,Kazakhstan,Qazaqstan (kasachisch)Kasachstan (russisch)
67,Katar,Staat Katar,Doha,2.700.000,11.586,233,Katar,QAT,QA,.qa,Qatar,Dawlat Qatar
68,Kenia,Republik Kenia,Nairobi,54.000.000,580.367,93,Kenia,KEN,KE,.ke,Kenya,Kenya
69,Kirgisistan,Kirgisische Republik,Bischkek,6.800.000,199.951,34,Kirgisistan,KGZ,KG,.kg,Kyrgyzstan,Kyrgyzstan (kirgisisch)Kirgisija (russisch)
70,Kiribati,Republik Kiribati,South Tarawa,100.000,811,123,Kiribati,KIR,KI,.ki,Kiribati,Kiribati oder Kiribas
71,Kolumbien,Republik Kolumbien,Bogotá,49.100.000,1.138.910,"43,1",Kolumbien,COL,CO,.co,Colombia,Colombia
72,Komoren,Union der Komoren,Moroni,800.000,2.235,358,Komoren,COM,KM,.km,Comoros,Comores
73,"Kongo, Demokratische Republik",Demokratische Republik Kongo,Kinshasa,99.000.000,2.344.858,"42,2",Kongo Demokratische Republik,COD,CD,.cd,"Congo, Democratic Republic of the (Kinshasa)","Congo, République démocratique du"
74,"Kongo, Republik",Republik Kongo,Brazzaville,6.000.000,342.000,"17,5",Kongo Republik,COG,CG,.cg,"Congo, Republic of (Brazzaville)","Congo, République du"
75,"Korea, Nord (Nordkorea)",Demokratische Volksrepublik Korea,Pjöngjang,26.100.000,120.538,217,Korea Nord,PRK,KP,.kp,"Korea, Democratic People's Republic of (North Korea)","조선민주주의인민공화국, 朝鮮民主主義人民共和國 Chosŏn"
76,"Korea, Süd (Südkorea)",Republik Korea,Seoul,51.600.000,99.720,517,Korea Sud,KOR,KR,.kr,"Korea, Republic of (South Korea)",대한민국大韓民國 Hanguk/Namhan
77,Kosovo[7],Republik Kosovo[8],Pristina,1.800.000,10.887,165,Kosovo,XXK[14],XK,.xk[15],Kosovo,Kosova/Kosovë (albanisch)Kosovo/Косово (serbisch)
78,Kroatien,Republik Kroatien,Zagreb(Agram),3.800.000,56.594,"67,1",Kroatien,HRV,HR,.hr,Croatia,Hrvatska
79,Kuba,Republik Kuba,Havanna,11.100.000,110.860,100,Kuba,CUB,CU,.cu,Cuba,Cuba
80,Kuwait,Staat Kuwait,Kuwait,4.100.000,17.818,230,Kuwait,KWT,KW,.kw,Kuwait,al-Kuwayt
81,Laos,Demokratische Volksrepublik Laos,Vientiane,7.500.000,236.800,"31,7",Laos,LAO,LA,.la,"Lao, People’s Democratic Republic of",Lao
82,Lesotho,Königreich Lesotho,Maseru,2.300.000,30.355,"75,8",Lesotho,LSO,LS,.ls,Lesotho,Lesotho
83,Lettland,Republik Lettland,Riga,1.900.000,64.589,"29,4",Lettland,LVA,LV,.lv,Latvia,Latvija
84,Libanon,Libanesische Republik,Beirut,5.500.000,10.400,529,Libanon,LBN,LB,.lb,Lebanon,Lubnān
85,Liberia,Republik Liberia,Monrovia,5.300.000,111.369,"47,6",Liberia,LBR,LR,.lr,Liberia,Liberia
86,Libyen,Staat Libyen,Tripolis,6.800.000,1.759.540,"3,86",Libyen,LBY,LY,.ly,Libya,Lībiyā
87,Liechtenstein,Fürstentum Liechtenstein,Vaduz[16],40.000,160,250,Liechtenstein,LIE,LI,.li,Liechtenstein,Liechtenstein
88,Litauen,Republik Litauen,Vilnius(Wilna),2.800.000,65.300,"42,9",Litauen,LTU,LT,.lt,Lithuania,Lietuva
89,Luxemburg,Großherzogtum Luxemburg,Luxemburg,700.000,2.586,271,Luxemburg,LUX,LU,.lu,Luxembourg,Luxemburg (deutsch)Luxembourg (französisch)Lëtzebuerg (luxemburgisch)
90,Madagaskar,Republik Madagaskar,Antananarivo,29.600.000,587.041,"50,4",Madagaskar,MDG,MG,.mg,Madagascar,Madagascar
91,Malawi,Republik Malawi,Lilongwe,20.400.000,118.484,172,Malawi,MWI,MW,.mw,Malawi,Malawi
92,Malediven,Republik Malediven,Malé,600.000,298,2010,Malediven,MDV,MV,.mv,Maldives,Dhivehi Raajje
93,Mali,Republik Mali,Bamako,22.600.000,1.240.192,"18,2",Mali,MLI,ML,.ml,Mali,Mali
94,Malta[17],Republik Malta,Valletta,500.000,316,1580,Malta,MLT,MT,.mt,Malta,Malta
95,Marokkoohne Westsahara (EH),Königreich Marokko,Rabat,36.700.000,446.550,"82,2",Marokko,MAR,MA,.ma,Morocco,al-Maghrib
96,Marshallinseln,Republik Marshallinseln,Majuro,50.000,181,276,Marshallinseln,MHL,MH,.mh,Marshall Islands,Marshall Islands
97,Mauretanien,Islamische Republik Mauretanien,Nouakchott,4.700.000,1.030.700,"4,56",Mauretanien,MRT,MR,.mr,Mauritania,Mūrītānīya
98,Mauritius,Republik Mauritius,Port Louis,1.300.000,2.040,637,Mauritius,MUS,MU,.mu,Mauritius,Mauritius
99,Mexiko,Vereinigte Mexikanische Staaten,Mexiko-Stadt,127.500.000,1.964.375,"64,9",Mexiko,MEX,MX,.mx,Mexico,México
100,Mikronesien,Föderierte Staaten von Mikronesien,Palikir,100.000,702,142,Mikronesien Foderierte Staaten,FSM,FM,.fm,"Micronesia, Federal States of",Micronesia
101,Moldaumit Transnistrien,"Republik Moldau (D, A)Republik Moldova (CH)",Chișinău,3.500.000,33.851,103,Moldau Republik,MDA,MD,.md,Moldova,Moldova
102,Monaco,Fürstentum Monaco,Stadtstaat[18],40.000,"2,03[19]",19.700,Monaco,MCO,MC,.mc,Monaco,Monaco
103,Mosambik,Republik Mosambik,Maputo,33.000.000,799.380,"41,3",Mosambik,MOZ,MZ,.mz,Mozambique,Moçambique
104,Myanmar,Republik der Union Myanmar,Naypyidaw,54.200.000,676.578,"80,1",Myanmar,MMR,MM,.mm,Myanmar oder Burma,Myanma Naingngandaw
105,Namibia,Republik Namibia,Windhoek,2.600.000,824.292,"3,15",Namibia,NAM,NA,.na,Namibia,Namibia
106,Nauru,Republik Nauru,Yaren[18],10.000,21,476,Nauru,NRU,NR,.nr,Nauru,Nauru
107,Nepal,Demokratische Bundesrepublik Nepal,Kathmandu,30.900.000,147.181,210,Nepal,NPL,NP,.np,Nepal,Nepal
108,Nicaragua,Republik Nicaragua,Managua,6.700.000,130.730,"51,3",Nicaragua,NIC,NI,.ni,Nicaragua,Nicaragua
109,"Niederlandeohne Aruba (AW),Curaçao (CW) undSint Maarten (SX)",Königreich der Niederlande,Amsterdam (de jure)Den Haag (de facto)[9],17.700.000,41.543,426,Niederlande,NLD,NL,.nl,Netherlands,Nederland
110,Niger,Republik Niger,Niamey,26.200.000,1.267.000,"20,7",Niger,NER,NE,.ne,Niger,Niger
111,Nigeria,Bundesrepublik Nigeria,Abuja,218.500.000,923.768,237,Nigeria,NGA,NG,.ng,Nigeria,Nigeria
112,Nordmazedonien,Republik Nordmazedonien[20],Skopje,1.800.000,25.713,70,Nordmazedonien,MKD,MK,.mk,North Macedonia,Severna Makedonija (mazedonisch)Maqedonia e Veriut (albanisch)
113,Nordzypern[21],Türkische Republik Nordzypern[8],Nord-Nikosia,295.000,3.355,"87,9",Nordzypern,,,.gov.nc.tr,Turkish Republic of Northern Cyprus,Kuzey Kıbrıs Türk Cumhuriyeti
114,Norwegenohne Svalbard (SJ),Königreich Norwegen,Oslo,5.400.000,323.802,"16,7",Norwegen,NOR,NO,.no,Norway,Norge (bokmål)Noreg (nynorsk)
115,Oman,Sultanat Oman,Maskat,4.600.000,309.500,"14,9",Oman,OMN,OM,.om,Oman,ʿUmān
116,Österreich,Republik Österreich,Wien,9.000.000,83.871,107,Osterreich,AUT,AT,.at,Austria,Österreich
117,Osttimor / Timor-Leste,Demokratische Republik Timor-Leste,Dili,1.300.000,14.874,"87,4",Osttimor,TLS,TL (TP),.tl (.tp),East Timor oderTimor-Leste,Timor-Leste
118,Pakistanohne Kaschmir[12],Islamische Republik Pakistan,Islamabad,235.800.000,796.095,296,Pakistan,PAK,PK,.pk,Pakistan,Pākistān
119,Palästina[22]umfasst den Gazastreifen und das Westjordanland[12],Staat Palästina,Ostjerusalem (de jure)Ramallah (de facto)[9],5.400.000,6.220,868,Palastina Autonomiegebiete,PSE,PS,.ps,Palestine,Dawlat Filastīn
120,Palau,Republik Palau,Ngerulmud,20.000,459,"43,6",Palau,PLW,PW,.pw,Palau,Belau
121,Panama,Republik Panama,Panama-Stadt,4.400.000,75.420,"58,3",Panama,PAN,PA,.pa,Panama,Panamá
122,Papua-Neuguinea,Unabhängiger Staat Papua-Neuguinea,Port Moresby,9.300.000,462.840,"20,1",Papua-Neuguinea,PNG,PG,.pg,Papua New Guinea,Papua Niu Gini
123,Paraguay,Republik Paraguay,Asunción,6.800.000,406.752,"16,7",Paraguay,PRY,PY,.py,Paraguay,Paraguay (spanisch)Paraguái (Guaraní)
124,Peru,Republik Peru,Lima,33.400.000,1.285.216,26,Peru,PER,PE,.pe,Peru,Perú
125,Philippinen,Republik der Philippinen,Manila,115.600.000,299.000,387,Philippinen,PHL,PH,.ph,Philippines,Pilipinas
126,Polen,Republik Polen,Warschau,38.000.000,312.685,122,Polen,POL,PL,.pl,Poland,Polska
127,Portugal,Portugiesische Republik,Lissabon,10.300.000,92.090,112,Portugal,PRT,PT,.pt,Portugal,Portugal
128,Ruanda,Republik Ruanda,Kigali,13.800.000,26.338,524,Ruanda,RWA,RW,.rw,Rwanda,Rwanda
129,Russlandohne die annektierten ukrainischen Gebiete[12],Russische Föderation,Moskau,144.300.000,17.098.242,"8,44",Russland,RUS,RU,.ru,Russia oder Russian Federation,Россия (Rossija) oder Российская Федерация (Rossijskaja Federazija)
130,Salomonen,"Salomonen (D, A)Salomoninseln (CH)",Honiara,700.000,28.896,"24,2",Salomonen,SLB,SB,.sb,Solomon Islands,Solomon Islands
131,Sambia,Republik Sambia,Lusaka,20.000.000,752.618,"26,6",Sambia,ZMB,ZM,.zm,Zambia,Zambia
132,Samoa,Unabhängiger Staat Samoa,Apia,200.000,2.831,"70,6",Samoa,WSM,WS,.ws,Samoa,Samoa
133,San Marino,Republik San Marino,San Marino,30.000,61,492,San Marino,SMR,SM,.sm,San Marino,San Marino
134,São Tomé und Príncipe,Demokratische Republik São Tomé und Príncipe,São Tomé,200.000,964,207,Sao Tome und Principe,STP,ST,.st,São Tomé and Príncipe,São Tomé e Príncipe
135,Saudi-Arabien,Königreich Saudi-Arabien,Riad,36.700.000,2.149.690,"17,1",Saudi-Arabien,SAU,SA,.sa,Saudi Arabia,al-ʿArabīya as-Saʿudīya
136,Schweden,Königreich Schweden,Stockholm,10.500.000,450.295,"23,3",Schweden,SWE,SE,.se,Sweden,Sverige
137,Schweiz,Schweizerische Eid­genossen­schaft,Bern[18],8.800.000,41.277,213,Schweiz,CHE,CH,.ch,Switzerland,Schweiz (deutsch)Suisse (französisch)Svizzera (italienisch)Svizra (bündner­romanisch)
138,Senegal,Republik Senegal,Dakar,17.900.000,196.722,91,Senegal,SEN,SN,.sn,Senegal,Sénégal
139,Serbienohne Kosovo (XK),Republik Serbien,Belgrad,6.800.000,77.474,"87,8",Serbien,SRB,RS,.rs,Serbia,Srbija
140,Seychellen,Republik Seychellen,Victoria,100.000,455,220,Seychellen,SYC,SC,.sc,Seychelles,"Seychelles (englisch, französisch)Sesel (Seychellenkreol)"
141,Sierra Leone,Republik Sierra Leone,Freetown,8.700.000,71.740,121,Sierra Leone,SLE,SL,.sl,Sierra Leone,Sierra Leone
142,Simbabwe,Republik Simbabwe,Harare,16.300.000,390.757,"41,7",Simbabwe,ZWE,ZW,.zw,Zimbabwe,Zimbabwe
143,Singapur,Republik Singapur,Stadtstaat[18],5.500.000,697,7890,Singapur,SGP,SG,.sg,Singapore,Singapore
144,Slowakei,Slowakische Republik,Bratislava(Pressburg),5.400.000,49.035,110,Slowakei,SVK,SK,.sk,Slovakia,Slovensko
145,Slowenien,Republik Slowenien,Ljubljana(Laibach),2.100.000,20.273,104,Slowenien,SVN,SI,.si,Slovenia,Slovenija
146,Somaliamit Somaliland,Bundesrepublik Somalia,Mogadischu,17.600.000,637.657,"27,6",Somalia,SOM,SO,.so,Somalia,Soomaaliya (Somali)as-Sūmāl (arabisch)
147,Somaliland[10],Republik Somaliland[8],Hargeysa,3.500.000,137.600,"25,4",Somaliland,,,,Somaliland,Soomaaliland
148,Spanien,Königreich Spanien,Madrid,47.400.000,505.370,"93,8",Spanien,ESP,ES,.es,Spain,España
149,Sri Lanka,Demokratische Sozialistische Republik Sri Lanka,Sri Jayewardenepura Kotte (de jure)Colombo (de facto)[9],22.400.000,65.610,341,Sri Lanka,LKA,LK,.lk,Sri Lanka,Sri Lanka
150,St. Kitts und Nevis / St. Christopher und Nevis,"Föderation St. Kitts und Nevis (D, CH)St. Kitts und Nevis (A)",Basseterre,50.000,261,192,Saint Kitts Nevis,KNA,KN,.kn,Saint Kitts and Nevis,Saint Kitts and Nevis
151,Südafrika,Republik Südafrika,Bloemfontein (Judikative)Kapstadt (Legislative)Pretoria (Exekutive)[23],60.600.000,1.219.090,"49,7",Sudafrika,ZAF,ZA,.za,South Africa,South Africa (englisch) und zehn weitere
152,Sudan,Republik Sudan,Khartum,46.900.000,1.861.484,"25,2",Sudan,SDN,SD,.sd,Sudan,as-Sūdān
153,Südossetien[7],Republik Südossetien[8],Zchinwali,51.000,3.885,"13,1",Sudossetien,,,,South Ossetia,Južnaja Osetija (russisch)
154,Südsudan,Republik Südsudan,Juba,10.900.000,644.329,"16,9",Sudsudan,SSD,SS,.ss,South Sudan,South Sudan
155,Suriname,Republik Suriname,Paramaribo,600.000,163.820,"3,66",Suriname,SUR,SR,.sr,Suriname,Suriname
156,Syrienmit Golanhöhen,Arabische Republik Syrien,Damaskus,22.100.000,185.180,119,Syrien,SYR,SY,.sy,Syria,Sūriyā
157,Tadschikistan,Republik Tadschikistan,Duschanbe,10.000.000,143.100,"69,9",Tadschikistan,TJK,TJ,.tj,Tajikistan,Todschikiston
158,Tansania,Vereinigte Republik Tansania,Dodoma (de jure)Daressalam (de facto)[9],65.500.000,947.300,"69,1",Tansania,TZA,TZ,.tz,Tanzania,Tanzania
159,Thailand,Königreich Thailand,Bangkok,66.800.000,513.120,130,Thailand,THA,TH,.th,Thailand,Prathet Thai
160,Togo,Republik Togo,Lomé,8.800.000,56.785,155,Togo,TGO,TG,.tg,Togo,Togo
161,Tonga,Königreich Tonga,Nukuʻalofa,100.000,747,134,Tonga,TON,TO,.to,Tonga,Tonga
162,Transnistrien[24],Pridnestrowische Moldauische Republik[8],Tiraspol,555.000,3.567,156,Transnistrien,,,,Transnistria,Pridnestrowje
163,Trinidad und Tobago,Republik Trinidad und Tobago,Port of Spain,1.400.000,5.128,273,Trinidad und Tobago,TTO,TT,.tt,Trinidad and Tobago,Trinidad and Tobago
164,Tschad,Republik Tschad,N’Djamena,17.700.000,1.284.000,"13,8",Tschad,TCD,TD,.td,Chad,Tchad
165,Tschechien,Tschechische Republik,Prag,10.500.000,78.867,133,Tschechien,CZE,CZ,.cz,Czechia,Česko
166,Tunesien,Tunesische Republik,Tunis,11.800.000,163.610,"72,1",Tunesien,TUN,TN,.tn,Tunisia,Tunis
167,Türkei,"Republik Türkei (D, A)Republik Türkiye (CH)",Ankara,85.200.000,783.562,109,Turkei,TUR,TR,.tr,Türkiye[25][26],Türkiye
168,Uganda,Republik Uganda,Kampala,47.200.000,241.038,196,Uganda,UGA,UG,.ug,Uganda,Uganda
169,Ukrainemit den durch Russland annektierten Gebieten[12],Ukraine,Kiew,41.000.000,603.550,"67,9",Ukraine,UKR,UA,.ua,Ukraine,Ukrajina
170,Uruguay,Republik Östlich des Uruguay,Montevideo,3.600.000,176.215,"20,4",Uruguay,URY,UY,.uy,Uruguay,Uruguay
171,Usbekistan,Republik Usbekistan,Taschkent,35.600.000,447.400,"79,6",Usbekistan,UZB,UZ,.uz,Uzbekistan,Oʻzbekiston
172,Vanuatu,Republik Vanuatu,Port Vila,300.000,12.189,"24,6",Vanuatu,VUT,VU,.vu,Vanuatu,Vanuatu
173,Vatikanstadt[27],"Staat Vatikanstadt (D, CH)Staat der Vatikanstadt (A)",Stadtstaat[18],825,"0,44",1880,Vatikanstadt,VAT,VA,.va,Vatican City,Status Civitatis Vaticanæ
174,Venezuela,Bolivarische Republik Venezuela,Caracas,28.300.000,912.050,31,Venezuela,VEN,VE,.ve,Venezuela,Venezuela
175,Vereinigte Staatenohne Außengebiete,Vereinigte Staaten von Amerika,"Washington, D.C.",332.800.000,9.826.675,"33,9",Vereinigte Staaten,USA,US,.us,United States,United States
176,Vereinigtes Königreichohne Überseegebiete und Kronbesitzungen,"Vereinigtes Königreich Großbritannien und Nordirland (D, A)Vereinigtes Königreich von Großbritannien und Nordirland (CH)",London,67.600.000,243.610,277,Vereinigtes Konigreich,GBR,GB (UK),.uk (.gb),United Kingdom,United Kingdom
177,Vietnam,Sozialistische Republik Vietnam,Hanoi,99.400.000,331.210,300,Vietnam,VNM,VN,.vn,Vietnam,Việt Nam
178,Westsahara[7],Demokratische Arabische Republik Sahara[8],El Aaiún (de jure)Tifariti (de facto)[9],600.000,266.000,"2,26",Westsahara,ESH,EH,.eh,Western Sahara oder Sahrawi Arab Democratic Republic,Sahara Occidental
179,Zypernmit Nordzypern,Republik Zypern,Nikosia,1.300.000,9.251,141,Zypern Republik,CYP,CY,.cy,Cyprus,Kýpros (griechisch)Kıbrıs (türkisch)
